SA2_name,POI_name
Manly - Fairlight,MANLY GOLF COURSE
Manly - Fairlight,MANLY WEST PARK
Manly - Fairlight,FAIRLIGHT CEMETERY
Manly - Fairlight,GRAHAM RESERVE
Manly - Fairlight,IVANHOE PARK
Manly - Fairlight,DALLEY PARK
Manly - Fairlight,ESPLANADE PARK
Manly - Fairlight,KEIRLE PARK
Manly - Fairlight,HINKLER PARK
Manly - Fairlight,MANLY POST OFFICE
Manly - Fairlight,ST PAUL'S CATHOLIC COLLEGE
Manly - Fairlight,MANLY HOSPITAL
Manly - Fairlight,SHELLY BEACH PARK
Manly - Fairlight,QUARANTINE STATION
Manly - Fairlight,NORTH HEAD SEWAGE TREATMENT WORKS
Manly - Fairlight,CSU GRADUATE SCHOOL OF POLICING AND SECURITY
Manly - Fairlight,LAGOON PARK
Manly - Fairlight,STELLA MARIS COLLEGE
Manly - Fairlight,KANGAROO PARK
Manly - Fairlight,NORTH STEYNE PARK
Manly - Fairlight,GILBERT PARK
Manly - Fairlight,LITTLE MANLY POINT PARK
Manly - Fairlight,LITTLE MANLY RESERVE
Manly - Fairlight,NORTH STEYNE SLSC
Manly - Fairlight,MANLY OVAL
Manly - Fairlight,ARABANOO LOOKOUT
Manly - Fairlight,OCEANWORLD MANLY
Manly - Fairlight,MANLY ART GALLERY AND MUSEUM
Manly - Fairlight,MANLY BOWLING CLUB
Manly - Fairlight,MANLY ANDREW BOY CHARLTON POOL
Manly - Fairlight,PEACE PARK
Manly - Fairlight,MANLY WHARF
Manly - Fairlight,PARKHILL RESERVE
Manly - Fairlight,WEERONA PARK
Manly - Fairlight,QUEENSCLIFF SLSC
Manly - Fairlight,MERRETT PARK
Manly - Fairlight,MANLY SLSC
Manly - Fairlight,MANLY LAGOON
Manly - Fairlight,GLEDHILL PARK
Manly - Fairlight,SOUTH STEYNE PARK
Manly - Fairlight,CRATER COVE LOOKOUT
Manly - Fairlight,QUARANTINE STATION CEMETERY
Manly - Fairlight,MANLY LAWN TENNIS CLUB
Manly - Fairlight,MANLY RUGBY UNION CLUB
Manly - Fairlight,COSTIN RESERVE
Manly - Fairlight,BOWER STREET RESERVE
Manly - Fairlight,INTERNATIONAL COLLEGE OF MANAGEMENT
Manly - Fairlight,QUARANTINE BEACH
Manly - Fairlight,DOBROYD HEAD
Manly - Fairlight,CANNAE POINT
Manly - Fairlight,QUARANTINE HEAD
Manly - Fairlight,NORTH HEAD
Manly - Fairlight,STORE BEACH
Manly - Fairlight,MANLY POINT
Manly - Fairlight,SMEDLEYS POINT
Manly - Fairlight,LITTLE MANLY POINT
Manly - Fairlight,FORTY BASKETS BEACH
Manly - Fairlight,REEF BEACH
Manly - Fairlight,BLUE FISH POINT
Manly - Fairlight,SHELLY BEACH
Manly - Fairlight,FAIRY BOWER BEACH
Manly - Fairlight,MANLY BEACH
Manly - Fairlight,NORTH STEYNE BEACH
Manly - Fairlight,QUEENSCLIFF HEAD
Manly - Fairlight,MANLY
Manly - Fairlight,FAIRLIGHT
Manly - Fairlight,CRATER VALLEY
Manly - Fairlight,FEDERATION POINT
Manly - Fairlight,KAY-YE-MY POINT
Manly - Fairlight,WILLIAM STREET STUDIOS
Manly - Fairlight,MANLY WATERS PRIVATE HOSPITAL
Manly - Fairlight,MANLY SES
Manly - Fairlight,IVANHOE PARK BOTANIC GARDEN
Manly - Fairlight,MANLY WATERWORKS
Manly - Fairlight,NORTH FORT
Manly - Fairlight,MANLY CIVIC CLUB
Manly - Fairlight,NORTH HARBOUR SAILING CLUB
Manly - Fairlight,MANLY COUNCIL
Manly - Fairlight,DRUMMOND HOUSE
Manly - Fairlight,MANLY VISITOR INFORMATION CENTRE
Manly - Fairlight,MANLY COURT HOUSE
Manly - Fairlight,MANLY WEST PUBLIC SCHOOL
Manly - Fairlight,MANLY VILLAGE PUBLIC SCHOOL
Manly - Fairlight,ST MARY'S CATHOLIC PRIMARY SCHOOL
Manly - Fairlight,ROYAL FAR WEST SCHOOL
Manly - Fairlight,UNITING WESLEY HEIGHTS MANLY
Manly - Fairlight,STELLA MARIS COLLEGE BENEDICT CAMPUS
Manly - Fairlight,MANLY LIBRARY
Manly - Fairlight,CONSULATE OF COOK ISLANDS
Manly - Fairlight,MANLY BUS INTERCHANGE
Manly - Fairlight,SYDNEY ROAD COMMUNITY HEALTH CENTRE
Manly - Fairlight,MANLY COMMUNITY HEALTH CENTRE
Manly - Fairlight,PARKHILL COTTAGE DAY CENTRE
Manly - Fairlight,PITTWATER ROAD COMMUNITY HEALTH CENTRE
Manly - Fairlight,MANLY EARLY CHILDHOOD CENTRE
Manly - Fairlight,MANLY GOLF CLUB
Manly - Fairlight,WESLEY HEIGHTS MANLY
Manly - Fairlight,MANLY VALE COMMUNITY GARDEN
Manly - Fairlight,AITKEN RESERVE
Manly - Fairlight,FAIRWAY RESERVE
Manly - Fairlight,FARMHOUSE MONTESSORI SCHOOL NORTH HEAD
Manly - Fairlight,RAGLAN GALLERY
Manly - Fairlight,MANLY ANZAC WAR MEMORIAL
Manly - Fairlight,HEADLAND MONTESSORI ELC
Manly - Fairlight,DOBROYD HEAD LOOKOUT
Manly - Fairlight,WRECK OF THE CATHERINE ADAMSON
Manly - Fairlight,BURRAGULA
Manly - Fairlight,YININGMA
Manly - Fairlight,MANLY FIRE STATION
Manly - Fairlight,MANLY POLICE STATION
Manly - Fairlight,CORBETT PLAYGROUND
Manly - Fairlight,JEAN HAY AM PLAYGROUND
Manly - Fairlight,QUEENSCLIFF ROCK POOL
Manly - Fairlight,MANLY VALE COMMUNITY CENTRE INNES ROAD
Manly - Fairlight,MANLY OVAL PAVILION (HALL)
Manly - Fairlight,MANLY COMMUNITY PRESCHOOL & YOUTH CENTRE
Manly - Fairlight,MANLEY SENIORS CENTRE
Manly - Fairlight,MANLY PACIFIC WAVES UNDERGROUND CARPARK
Manly - Fairlight,WHISTLER STREET MULTISTOREY CARPARK
Manly - Fairlight,MANLY PENINSULA UNDERGROUND CARPARK
Manly - Fairlight,MANLY NATIONAL MULTISTOREY CARPARK
Manly Vale - Allambie Heights,WOOLGOOLGA RESERVE
Manly Vale - Allambie Heights,LAE RESERVE
Manly Vale - Allambie Heights,BANTRY RESERVE
Manly Vale - Allambie Heights,MANLY DAM RESERVE
Manly Vale - Allambie Heights,BLIGH PARK
Manly Vale - Allambie Heights,ALLENBY PARK
Manly Vale - Allambie Heights,WARRINGAH GOLF COURSE
Manly Vale - Allambie Heights,NORTHERN BEACHES SECONDARY COLLEGE MACKELLAR GIRLS CAMPUS
Manly Vale - Allambie Heights,NOLAN RESERVE
Manly Vale - Allambie Heights,GOROKA PARK
Manly Vale - Allambie Heights,BROOKVALE OVAL
Manly Vale - Allambie Heights,MANLY WARRINGAH WAR MEMORIAL PARK
Manly Vale - Allambie Heights,GUMBOOYA RESERVE
Manly Vale - Allambie Heights,WARRINGAH MALL POST OFFICE
Manly Vale - Allambie Heights,UNIVERSITY OF NEW SOUTH WALES MANLY VALE CAMPUS
Manly Vale - Allambie Heights,KING STREET RESERVE
Manly Vale - Allambie Heights,PASSMORE RESERVE
Manly Vale - Allambie Heights,DAVID THOMAS RESERVE
Manly Vale - Allambie Heights,MILLER RESERVE
Manly Vale - Allambie Heights,CONDOVER STREET RESERVE
Manly Vale - Allambie Heights,WARRINGAH MALL
Manly Vale - Allambie Heights,ST AUGUSTINE'S COLLEGE SYDNEY
Manly Vale - Allambie Heights,NORTH MANLY BOWLING AND RECREATION CLUB
Manly Vale - Allambie Heights,WARRINGAH RECREATION CENTRE
Manly Vale - Allambie Heights,WOODBINE RESERVE
Manly Vale - Allambie Heights,BROOKVALE NORTHERN PARK
Manly Vale - Allambie Heights,AQUATIC RESERVE
Manly Vale - Allambie Heights,ARNHEM ROAD RESERVE
Manly Vale - Allambie Heights,ALLAMBIE HEIGHTS SHOPPING CENTRE
Manly Vale - Allambie Heights,ALLAMBIE HEIGHTS POST OFFICE
Manly Vale - Allambie Heights,SCALABRINI VILLAGE ALLAMBIE HEIGHTS
Manly Vale - Allambie Heights,ALLAMBIE HEIGHTS COMMUNITY TENNIS CLUB
Manly Vale - Allambie Heights,SEAFORTH BOWLING CLUB
Manly Vale - Allambie Heights,WAKEHURST GOLF COURSE
Manly Vale - Allambie Heights,WAKEHURST GOLF CLUB
Manly Vale - Allambie Heights,SEAFORTH COMMUNITY CENTRE
Manly Vale - Allambie Heights,MANLY RESERVOIR
Manly Vale - Allambie Heights,MANLY WARRINGAH DISTRICT PARK
Manly Vale - Allambie Heights,WARRINGAH GOLF CLUB
Manly Vale - Allambie Heights,MANLY DAM
Manly Vale - Allambie Heights,SEAFORTH OVAL
Manly Vale - Allambie Heights,MANLY VALE
Manly Vale - Allambie Heights,NORTH MANLY
Manly Vale - Allambie Heights,BROOKVALE
Manly Vale - Allambie Heights,NARRAWEENA
Manly Vale - Allambie Heights,BEACON HILL
Manly Vale - Allambie Heights,ALLAMBIE
Manly Vale - Allambie Heights,NORTH BALGOWLAH
Manly Vale - Allambie Heights,ALLAMBIE HEIGHTS
Manly Vale - Allambie Heights,BANTRY BLUFF
Manly Vale - Allambie Heights,ALLAMBIE HEIGHTS RESERVE
Manly Vale - Allambie Heights,ESTIA HEALTH MANLY VALE
Manly Vale - Allambie Heights,BALGOWLAH AMBULANCE STATION
Manly Vale - Allambie Heights,WILLIAM CHARLTON VILLAGE
Manly Vale - Allambie Heights,MANLY HILLSIDE CARE COMMUNITY
Manly Vale - Allambie Heights,MANLY VALE NURSING HOME
Manly Vale - Allambie Heights,ALLAMBIE HEIGHTS VILLAGE RESIDENTIAL AGED CARE FACILITY
Manly Vale - Allambie Heights,BROOKVALE PUBLIC SCHOOL
Manly Vale - Allambie Heights,MANLY VALE PUBLIC SCHOOL
Manly Vale - Allambie Heights,ALLAMBIE HEIGHTS PUBLIC SCHOOL
Manly Vale - Allambie Heights,BALGOWLAH NORTH PUBLIC SCHOOL
Manly Vale - Allambie Heights,SEAFORTH PUBLIC SCHOOL
Manly Vale - Allambie Heights,ARRANOUNBAI SCHOOL
Manly Vale - Allambie Heights,THE BEACH SCHOOL
Manly Vale - Allambie Heights,ALLAMBIE HEIGHTS VILLAGE
Manly Vale - Allambie Heights,KINGS COURT CHRISTIAN VILLAGE
Manly Vale - Allambie Heights,FARMHOUSE MONTESSORI SCHOOL
Manly Vale - Allambie Heights,BROOKVALE COMMUNITY HEALTH CENTRE
Manly Vale - Allambie Heights,MANLY VALE CALABRIA BOWLING SPORTS AND SOCIAL CLUB
Manly Vale - Allambie Heights,SANTA MONICA VILLAGE
Manly Vale - Allambie Heights,EUROBODALLA HOMES FRENCHS FOREST
Manly Vale - Allambie Heights,FRED HUTLEY VILLAGE
Manly Vale - Allambie Heights,ANKALI PLACE RESERVE
Manly Vale - Allambie Heights,CANEA RESERVE
Manly Vale - Allambie Heights,COOTAMUNDRA DRIVE RESERVE
Manly Vale - Allambie Heights,F J MACHON RESERVE
Manly Vale - Allambie Heights,GILAI RESERVE
Manly Vale - Allambie Heights,GREEN STREET PARK
Manly Vale - Allambie Heights,KALIANNA RESERVE
Manly Vale - Allambie Heights,MAROA RESERVE
Manly Vale - Allambie Heights,ORARA RESERVE
Manly Vale - Allambie Heights,RYAN RESERVE
Manly Vale - Allambie Heights,WANDELLA RESERVE
Manly Vale - Allambie Heights,WEDGEWOOD RESERVE
Manly Vale - Allambie Heights,WINSOME RESERVE
Manly Vale - Allambie Heights,DRUID'S COURT
Manly Vale - Allambie Heights,MILLER RESERVE SKATE PARK
Manly Vale - Allambie Heights,MILLS RESERVE
Manly Vale - Allambie Heights,ALLAMBIE HEIGHTS PUBLIC HALL
Manly Vale - Allambie Heights,BROOKVALE COMMUNITY CENTRE
Manly Vale - Allambie Heights,NORTH BALGOWLAH COMMUNITY CENTRE
Manly Vale - Allambie Heights,AQUATIC RESERVE SKATE PARK
Manly Vale - Allambie Heights,BROOKVALE PARK
Manly Vale - Allambie Heights,H C PRESS PARK
Manly Vale - Allambie Heights,WARRINGAH DAY SURGERY
Manly Vale - Allambie Heights,SWANE RESERVE
Manly Vale - Allambie Heights,ST KIERAN'S CATHOLIC PRIMARY SCHOOL
Manly Vale - Allambie Heights,PASSMORE RESERVE PLAYGROUND
Manly Vale - Allambie Heights,NORTHERN BEACHES TAFE COLLEGE
Manly Vale - Allambie Heights,WARRINGAH AQUATIC CENTRE
Manly Vale - Allambie Heights,MANLY VALE COMMUNITY CENTRE LOVETT STREET
Balgowlah - Clontarf - Seaforth,ROSHERVILLE RESERVE
Balgowlah - Clontarf - Seaforth,BEAUTY POINT PARK
Balgowlah - Clontarf - Seaforth,THE SPIT RESERVE
Balgowlah - Clontarf - Seaforth,NANBAREE RESERVE
Balgowlah - Clontarf - Seaforth,BALGOWLAH GOLF COURSE
Balgowlah - Clontarf - Seaforth,NORTHERN BEACHES SECONDARY COLLEGE BALGOWLAH BOYS CAMPUS
Balgowlah - Clontarf - Seaforth,NORTH HARBOUR RESERVE
Balgowlah - Clontarf - Seaforth,BRIMBECON PARK
Balgowlah - Clontarf - Seaforth,WELLINGS RESERVE
Balgowlah - Clontarf - Seaforth,TANIA PARK
Balgowlah - Clontarf - Seaforth,GROTTO POINT RESERVE
Balgowlah - Clontarf - Seaforth,CLONTARF RESERVE
Balgowlah - Clontarf - Seaforth,BAREENA PARK
Balgowlah - Clontarf - Seaforth,BALGOWLAH BOWLING CLUB
Balgowlah - Clontarf - Seaforth,BAREENA PARK TENNIS CLUB
Balgowlah - Clontarf - Seaforth,BALGOWLAH PARK
Balgowlah - Clontarf - Seaforth,CASTLE ROCK RESERVE
Balgowlah - Clontarf - Seaforth,SANGRADO RESERVE
Balgowlah - Clontarf - Seaforth,CHINAMANS BEACH RESERVE
Balgowlah - Clontarf - Seaforth,QUAKERS HAT PARK
Balgowlah - Clontarf - Seaforth,MOSMAN ROWING CLUB
Balgowlah - Clontarf - Seaforth,DALBORA MARINA
Balgowlah - Clontarf - Seaforth,MIDDLE HARBOUR 16FT SKIFF CLUB
Balgowlah - Clontarf - Seaforth,MIDDLE HARBOUR YACHT CLUB
Balgowlah - Clontarf - Seaforth,BALGOWLAH GOLF CLUB
Balgowlah - Clontarf - Seaforth,SEAFORTH POST OFFICE
Balgowlah - Clontarf - Seaforth,BALGOWLAH POST OFFICE
Balgowlah - Clontarf - Seaforth,TOTEM SHOPPING CENTRE
Balgowlah - Clontarf - Seaforth,DUKE OF EDINBURGH RESERVE
Balgowlah - Clontarf - Seaforth,YENNADAH RESERVE
Balgowlah - Clontarf - Seaforth,LE GAY BRERETON PARK
Balgowlah - Clontarf - Seaforth,PARRIWI LOOKOUT
Balgowlah - Clontarf - Seaforth,PARRIWI PARK
Balgowlah - Clontarf - Seaforth,ELLERYS PUNT RESERVE
Balgowlah - Clontarf - Seaforth,WYARGINE POINT
Balgowlah - Clontarf - Seaforth,GROTTO POINT
Balgowlah - Clontarf - Seaforth,BRADYS POINT
Balgowlah - Clontarf - Seaforth,CLONTARF POINT
Balgowlah - Clontarf - Seaforth,BEAUTY POINT
Balgowlah - Clontarf - Seaforth,SEAFORTH BLUFF
Balgowlah - Clontarf - Seaforth,QUAKERS HAT
Balgowlah - Clontarf - Seaforth,PICKERING POINT
Balgowlah - Clontarf - Seaforth,CHINAMANS BEACH
Balgowlah - Clontarf - Seaforth,PARRIWI HEAD
Balgowlah - Clontarf - Seaforth,BALGOWLAH
Balgowlah - Clontarf - Seaforth,CLONTARF
Balgowlah - Clontarf - Seaforth,BALGOWLAH HEIGHTS
Balgowlah - Clontarf - Seaforth,SEAFORTH
Balgowlah - Clontarf - Seaforth,THE SPIT
Balgowlah - Clontarf - Seaforth,DOBROYD HILL
Balgowlah - Clontarf - Seaforth,GROTTO POINT LIGHTHOUSE
Balgowlah - Clontarf - Seaforth,ROSHERVILLE LIGHTHOUSE
Balgowlah - Clontarf - Seaforth,MARINE RESCUE MIDDLE HARBOUR
Balgowlah - Clontarf - Seaforth,ELLERY PARK
Balgowlah - Clontarf - Seaforth,BALGOWLAH HEIGHTS POST OFFICE
Balgowlah - Clontarf - Seaforth,JOELS RESERVE
Balgowlah - Clontarf - Seaforth,BAY STREET PARK
Balgowlah - Clontarf - Seaforth,BALGOWLAH HEIGHTS PUBLIC SCHOOL
Balgowlah - Clontarf - Seaforth,BEAUTY POINT PUBLIC SCHOOL
Balgowlah - Clontarf - Seaforth,DALWOOD COMMUNITY HEALTH SERVICES
Balgowlah - Clontarf - Seaforth,SPILSTEAD COMMUNITY HEALTH CENTRE
Balgowlah - Clontarf - Seaforth,BALGOWLAH COMMUNITY HEALTH CENTRE
Balgowlah - Clontarf - Seaforth,BALGOWLAH RSL MEMORIAL CLUB
Balgowlah - Clontarf - Seaforth,CLUB TOTEM
Balgowlah - Clontarf - Seaforth,BUPA SEAFORTH
Balgowlah - Clontarf - Seaforth,SITE AND REMAINS OF WHARFAGE
Balgowlah - Clontarf - Seaforth,GROTTO POINT LIGHTHOUSE AND REMAINS OF FORMER WHARF
Balgowlah - Clontarf - Seaforth,SANDY BAY BEACH
Balgowlah - Clontarf - Seaforth,GUGANAGINA KOOKABURRA LOOKOUT
Balgowlah - Clontarf - Seaforth,ST PAULS CATHOLIC JUNIOR CAMPUS
Avalon - Palm Beach,ANGOPHORA RESERVE
Avalon - Palm Beach,BILGOLA PLATEAU PARK
Avalon - Palm Beach,HEWITT PARK
Avalon - Palm Beach,PALMGROVE PARK
Avalon - Palm Beach,BANGALLEY HEADLAND
Avalon - Palm Beach,AVALON GOLF COURSE
Avalon - Palm Beach,JAMIESON PARK
Avalon - Palm Beach,THE PINNACLE
Avalon - Palm Beach,THE ANGLICAN CHURCH OF ST MARKS AVALON
Avalon - Palm Beach,STAPLETON PARK
Avalon - Palm Beach,AVALON BEACH SLSC
Avalon - Palm Beach,PITTWATER PALMS
Avalon - Palm Beach,AVALON HOUSE NURSING HOME
Avalon - Palm Beach,DUNBAR PARK
Avalon - Palm Beach,HITCHCOCK PARK
Avalon - Palm Beach,WHALE BEACH SLSC
Avalon - Palm Beach,PALM BEACH GOLF COURSE
Avalon - Palm Beach,ILUKA PARK
Avalon - Palm Beach,ANNIE WYATT PARK
Avalon - Palm Beach,MCKAY RESERVE
Avalon - Palm Beach,DOLPHIN PARK
Avalon - Palm Beach,AVALON SAILING CLUB
Avalon - Palm Beach,KOALA PLACE RESERVE
Avalon - Palm Beach,DES CREAGH RESERVE
Avalon - Palm Beach,FROG HOLLOW
Avalon - Palm Beach,MORELLA PARK
Avalon - Palm Beach,ST MICHAELS CAVE
Avalon - Palm Beach,WEST HEAD LOOKOUT
Avalon - Palm Beach,BARRENJOEY LIGHTHOUSE
Avalon - Palm Beach,GOVERNOR PHILLIP PARK
Avalon - Palm Beach,CORAL RESERVE
Avalon - Palm Beach,NORTH PALM BEACH SLSC
Avalon - Palm Beach,HORDERN PARK
Avalon - Palm Beach,WILTSHIRE PARK
Avalon - Palm Beach,PITTWATER PARK
Avalon - Palm Beach,PALM BEACH KINDERGARTEN
Avalon - Palm Beach,DARK GULLY PARK
Avalon - Palm Beach,OCEAN ROAD RESERVE
Avalon - Palm Beach,WHALE BEACH RESERVE
Avalon - Palm Beach,PALM BEACH GOLF CLUB
Avalon - Palm Beach,ST DAVIDS ANGLICAN CHURCH
Avalon - Palm Beach,OLD WHARF RESERVE
Avalon - Palm Beach,MARIA REGINA CATHOLIC CHURCH
Avalon - Palm Beach,AVALON BAPTIST PEACE MEMORIAL CHURCH
Avalon - Palm Beach,AVALON BEACH VILLAGE CHURCH
Avalon - Palm Beach,AVALON COMMUNITY LIBRARY
Avalon - Palm Beach,AVALON GOLF CLUB
Avalon - Palm Beach,CAREEL BAY TENNIS CLUB
Avalon - Palm Beach,MONTESSORI BARRENJOEY PRE-SCHOOL
Avalon - Palm Beach,ST MARKS PRE-SCHOOL
Avalon - Palm Beach,AVALON AMBULANCE STATION
Avalon - Palm Beach,AVALON BEACH POST OFFICE
Avalon - Palm Beach,CLAREVILLE WHARF RESERVE
Avalon - Palm Beach,CLAREVILLE BEACH RESERVE
Avalon - Palm Beach,CAREEL BAY OVALS
Avalon - Palm Beach,AVALON FIRE STATION
Avalon - Palm Beach,PALM BEACH
Avalon - Palm Beach,PARADISE BEACH
Avalon - Palm Beach,RESOLUTE BEACH
Avalon - Palm Beach,SNAPPERMAN BEACH
Avalon - Palm Beach,SANDY BEACH
Avalon - Palm Beach,WHALE BEACH
Avalon - Palm Beach,BARRENJOEY HEAD
Avalon - Palm Beach,CAREEL HEAD
Avalon - Palm Beach,LITTLE HEAD
Avalon - Palm Beach,WEST HEAD
Avalon - Palm Beach,CAREEL BAY
Avalon - Palm Beach,SAND POINT
Avalon - Palm Beach,STOKES POINT
Avalon - Palm Beach,OBSERVATION POINT
Avalon - Palm Beach,CLAREVILLE BEACH
Avalon - Palm Beach,LONG BEACH
Avalon - Palm Beach,TAYLORS BEACH
Avalon - Palm Beach,BANGALLEY HEAD
Avalon - Palm Beach,AVALON BEACH
Avalon - Palm Beach,CLAREVILLE
Avalon - Palm Beach,NORTH AVALON
Avalon - Palm Beach,TAYLORS POINT
Avalon - Palm Beach,AVALON
Avalon - Palm Beach,AVALON RECREATION CENTRE
Avalon - Palm Beach,HUDSON PARK
Avalon - Palm Beach,PALM BEACH SLSC
Avalon - Palm Beach,SECOND HEAD
Avalon - Palm Beach,THIRD HEAD
Avalon - Palm Beach,AVALON PUBLIC SCHOOL
Avalon - Palm Beach,MARIA REGINA CATHOLIC PRIMARY SCHOOL
Avalon - Palm Beach,BARRENJOEY HIGH SCHOOL
Avalon - Palm Beach,BARRENJOEY MONTESSORI SCHOOL
Avalon - Palm Beach,AVALON COMMUNITY HEALTH CENTRE
Avalon - Palm Beach,AVALON BEACH BOWLING AND REC CLUB
Avalon - Palm Beach,AVALON BEACH RSL CLUB
Avalon - Palm Beach,PALM BEACH RSL S/B CLUB T/AS CLUB PALM BEACH
Avalon - Palm Beach,SUNRISE RESERVE
Avalon - Palm Beach,LITTLE HEAD RESERVE
Avalon - Palm Beach,NORMA PARK
Avalon - Palm Beach,BUSH TO BAY
Avalon - Palm Beach,TOONGARI RESERVE
Avalon - Palm Beach,HILLTOP RESERVE
Avalon - Palm Beach,AVALON SKATE PARK
Avalon - Palm Beach,AVALON SCOUT HALL
Avalon - Palm Beach,PALM BEACH GALLERY
Avalon - Palm Beach,BARRENJOEY HEAD LIGHTSTATION
Avalon - Palm Beach,LOGGAN ROCK
Avalon - Palm Beach,HY BRASIL
Avalon - Palm Beach,WALTER BURLEY GRIFFIN LODGE
Avalon - Palm Beach,REFUGE COVE RESERVE
Avalon - Palm Beach,CAREEL HEADLAND RESERVE
Avalon - Palm Beach,SKI PATROL ASSOCIATION
Avalon - Palm Beach,STATION BEACH
Avalon - Palm Beach,WHALE BEACH ROCKPOOL
Avalon - Palm Beach,PALM BEACH ROCK POOL
Bayview - Elanora Heights,WHITNEY RESERVE
Bayview - Elanora Heights,MINKARA RESERVE
Bayview - Elanora Heights,NEWPORT HEIGHTS RESERVE
Bayview - Elanora Heights,FLORENCE PARK
Bayview - Elanora Heights,MONA VALE GOLF COURSE
Bayview - Elanora Heights,MONA VALE URGENT CARE AND REHABILITATION CENTRE
Bayview - Elanora Heights,ROBERT DUNN RESERVE
Bayview - Elanora Heights,KITCHENER PARK
Bayview - Elanora Heights,MONA VALE VILLAGE PARK
Bayview - Elanora Heights,BIG4 SYDNEY LAKESIDE HOLIDAY PARK
Bayview - Elanora Heights,CHATTAN PARK
Bayview - Elanora Heights,EPWORTH PARK
Bayview - Elanora Heights,WARRIEWOOD WASTEWATER TREATMENT PLANT
Bayview - Elanora Heights,MATER MARIA CATHOLIC COLLEGE
Bayview - Elanora Heights,PRO-CATHEDRAL OF ST SAVA
Bayview - Elanora Heights,BANGALOW RESERVE
Bayview - Elanora Heights,BIMBIMBIE PLACE RESERVE
Bayview - Elanora Heights,BAYVIEW PARK
Bayview - Elanora Heights,HAROLD RESERVE
Bayview - Elanora Heights,LEAHVERA RESERVE
Bayview - Elanora Heights,PINDARI PARK
Bayview - Elanora Heights,ILLYA AVENUE RESERVE
Bayview - Elanora Heights,KENNEDY PARK
Bayview - Elanora Heights,CHURCH POINT RESERVE
Bayview - Elanora Heights,NARRABEEN BAPTIST CHURCH
Bayview - Elanora Heights,KUNDIBAH RESERVE
Bayview - Elanora Heights,NARRABEEN POST OFFICE
Bayview - Elanora Heights,LUMEAH RESERVE
Bayview - Elanora Heights,BIRDWOOD PARK
Bayview - Elanora Heights,BUTCHER PARK
Bayview - Elanora Heights,ALLEYNE RESERVE
Bayview - Elanora Heights,CLIVE ROGERS GROUND
Bayview - Elanora Heights,WARRIEWOOD POST OFFICE
Bayview - Elanora Heights,DEWRANG RESERVE
Bayview - Elanora Heights,PROGRESS PARK
Bayview - Elanora Heights,BIRNIE LOOKOUT
Bayview - Elanora Heights,BAYVIEW GOLF COURSE
Bayview - Elanora Heights,REGATTA RESERVE
Bayview - Elanora Heights,DEARIN RESERVE
Bayview - Elanora Heights,INGLESIDE DEVELOPMENT CENTRE
Bayview - Elanora Heights,NORTH NARRABEEN SLSC
Bayview - Elanora Heights,MONA VALE BOWLING CLUB
Bayview - Elanora Heights,JAPARA BAYVIEW GARDENS
Bayview - Elanora Heights,ELVINA PARK
Bayview - Elanora Heights,AVEO MINKARA AGED CARE COMMUNITY
Bayview - Elanora Heights,WARRIEWOOD SQUARE
Bayview - Elanora Heights,PITTWATER RSL CLUB
Bayview - Elanora Heights,NARROY PARK
Bayview - Elanora Heights,CATHERINE PARK
Bayview - Elanora Heights,MCCARRS CREEK FORESHORE RESERVE
Bayview - Elanora Heights,MONASH GOLF COURSE
Bayview - Elanora Heights,INGLESIDE PARK
Bayview - Elanora Heights,INGLESIDE SCOUT CAMP
Bayview - Elanora Heights,ELANORA METHODIST CONFERENCE CENTRE
Bayview - Elanora Heights,BOONDAH RESERVE FIELD NO2 3 4
Bayview - Elanora Heights,BOONDAH RESERVE FIELD NO5
Bayview - Elanora Heights,LAKESIDE PARK
Bayview - Elanora Heights,MONA VALE CEMETERY
Bayview - Elanora Heights,KATANDRA BUSHLAND SANCTUARY RESERVE
Bayview - Elanora Heights,KIMBRIKI RESOURCE RECOVERY CENTRE
Bayview - Elanora Heights,TERREY HILLS POST OFFICE
Bayview - Elanora Heights,BONNIE DOON WHARF
Bayview - Elanora Heights,COASTAL ENVIRONMENTAL CENTRE
Bayview - Elanora Heights,ELANORA HEIGHTS POST OFFICE
Bayview - Elanora Heights,ALLINGTON RESERVE
Bayview - Elanora Heights,COOLEENA RESERVE
Bayview - Elanora Heights,WOORARRA LOOKOUT RESERVE
Bayview - Elanora Heights,WOORARRA LOOKOUT
Bayview - Elanora Heights,KATOA RESERVE
Bayview - Elanora Heights,NARRABEEN SENIOR CITIZENS CLUB
Bayview - Elanora Heights,TED BLACKWOOD NARRABEEN YOUTH AND COMMUNITY CENTRE
Bayview - Elanora Heights,PITTWATER COUNCIL
Bayview - Elanora Heights,KATRINA RESERVE
Bayview - Elanora Heights,GALSTAUN COLLEGE
Bayview - Elanora Heights,PATHILDA RESERVE
Bayview - Elanora Heights,PITTWATER PLACE SHOPPING CENTRE
Bayview - Elanora Heights,PITTWATER AQUATIC CLUB
Bayview - Elanora Heights,KARIBOO CLOSE RESERVE
Bayview - Elanora Heights,FRANKSON RESERVE
Bayview - Elanora Heights,WINJI JIMMI RESERVE
Bayview - Elanora Heights,COREEN RESERVE
Bayview - Elanora Heights,BURRAGA RESERVE
Bayview - Elanora Heights,TERREY HILLS NURSING HOME
Bayview - Elanora Heights,GOLF PARADISE DRIVING RANGE
Bayview - Elanora Heights,THE BASIN PICNIC AREA
Bayview - Elanora Heights,BENNETTS WHARF
Bayview - Elanora Heights,TOWLERS LOOKOUT
Bayview - Elanora Heights,RESOLUTE PICNIC AREA
Bayview - Elanora Heights,SALVATION PICNIC AREA
Bayview - Elanora Heights,THE QUAYS
Bayview - Elanora Heights,BAYVIEW YACHT ASSOCIATION
Bayview - Elanora Heights,SIRSI NEWPORT MARINA
Bayview - Elanora Heights,NEWPORT MARINA
Bayview - Elanora Heights,RIDDLE RESERVE
Bayview - Elanora Heights,LOQUAT VALLEY PINDARI RESERVE
Bayview - Elanora Heights,ALGONA RESERVE
Bayview - Elanora Heights,PAT HYNES RESERVE
Bayview - Elanora Heights,CORONATION RESERVE
Bayview - Elanora Heights,LAGOON STREET LAKE RESERVE
Bayview - Elanora Heights,ST JOHN THE BAPTIST ANGLICAN CHURCH
Bayview - Elanora Heights,MONA VALE POST OFFICE
Bayview - Elanora Heights,NEWPORT KINDERGARTEN
Bayview - Elanora Heights,BAYVIEW TENNIS CLUB
Bayview - Elanora Heights,MONA VALE PUBLIC LIBRARY
Bayview - Elanora Heights,MONA VALE GOLF CLUB
Bayview - Elanora Heights,MONA VALE FIRE STATION
Bayview - Elanora Heights,SALT PAN WHARF
Bayview - Elanora Heights,TAFFYS LOOKOUT
Bayview - Elanora Heights,NEWPORT POST OFFICE
Bayview - Elanora Heights,MONA VALE SCOUT HALL
Bayview - Elanora Heights,WARRIEWOOD SLSC
Bayview - Elanora Heights,WARRINGAH RUGBY PARK
Bayview - Elanora Heights,NORTHERN BEACHES GOLF CENTRE
Bayview - Elanora Heights,NORTH NARRABEEN RESERVE RUGBY PARK
Bayview - Elanora Heights,ALLEYNE AVENUE LOOKOUT
Bayview - Elanora Heights,LAKE PARK OVAL
Bayview - Elanora Heights,BAYVIEW GOLF CLUB
Bayview - Elanora Heights,BROKEN BAY WATER POLICE
Bayview - Elanora Heights,HOLME PORT MARINA
Bayview - Elanora Heights,CHURCH POINT POST OFFICE
Bayview - Elanora Heights,SIR THOMAS STEPHENS RESERVE
Bayview - Elanora Heights,LAKE PARK
Bayview - Elanora Heights,NAREEN PARK
Bayview - Elanora Heights,BILLARONG RESERVE
Bayview - Elanora Heights,DEEP CREEK FORESHORE RESERVE
Bayview - Elanora Heights,DEEP CREEK RESERVE
Bayview - Elanora Heights,CAMP KEDRON RESERVE
Bayview - Elanora Heights,IRRAWONG RESERVE
Bayview - Elanora Heights,GRANMAS REFUGE RESERVE
Bayview - Elanora Heights,ELANORA COUNTRY GOLF COURSE
Bayview - Elanora Heights,DUCKHOLE PICNIC AREA
Bayview - Elanora Heights,AKUNA BAY MARINA
Bayview - Elanora Heights,DUNCAN RESERVE
Bayview - Elanora Heights,SCOTLAND ISLAND COMMUNITY HALL
Bayview - Elanora Heights,WILLUNGA TRIG
Bayview - Elanora Heights,LEONIS ACADEMY
Bayview - Elanora Heights,J J MELBOURNE HILLS MEMORIAL RESERVE
Bayview - Elanora Heights,FRANK BECKMAN RESERVE
Bayview - Elanora Heights,TERREY HILLS COMMUNITY LIBRARY
Bayview - Elanora Heights,KURARA RESERVE
Bayview - Elanora Heights,TERRIGAL RESERVE
Bayview - Elanora Heights,TERREY HILLS PLAYING FIELDS
Bayview - Elanora Heights,TERREY HILLS MOTEL CARAVAN PARK
Bayview - Elanora Heights,THE DUCKHOLE
Bayview - Elanora Heights,THE BASIN
Bayview - Elanora Heights,FLANNEL FLOWER BEACH
Bayview - Elanora Heights,FLINT AND STEEL BEACH
Bayview - Elanora Heights,GREAT MACKEREL BEACH
Bayview - Elanora Heights,HUNGRY BEACH
Bayview - Elanora Heights,PORTUGUESE BEACH
Bayview - Elanora Heights,CHALLENGER HEAD
Bayview - Elanora Heights,COASTERS RETREAT
Bayview - Elanora Heights,CURRAWONG BEACH
Bayview - Elanora Heights,LAMBERT PENINSULA
Bayview - Elanora Heights,FLINT AND STEEL POINT
Bayview - Elanora Heights,LONGNOSE POINT
Bayview - Elanora Heights,SOLDIERS POINT
Bayview - Elanora Heights,WARRIEWOOD BEACH
Bayview - Elanora Heights,HORSESHOE COVE
Bayview - Elanora Heights,FOLEYS HILL
Bayview - Elanora Heights,NARRABEEN HEAD
Bayview - Elanora Heights,SCOTLAND ISLAND
Bayview - Elanora Heights,ELVINA BAY
Bayview - Elanora Heights,LOVETT BAY
Bayview - Elanora Heights,INGLESIDE HEIGHTS
Bayview - Elanora Heights,LOQUAT VALLEY
Bayview - Elanora Heights,MCCARRS CREEK
Bayview - Elanora Heights,MORNING BAY
Bayview - Elanora Heights,SALT PAN COVE
Bayview - Elanora Heights,WINJI JIMMI
Bayview - Elanora Heights,NARRABEEN PENINSULA
Bayview - Elanora Heights,CHURCH POINT
Bayview - Elanora Heights,GREEN POINT
Bayview - Elanora Heights,HAYSTACK POINT
Bayview - Elanora Heights,PITT POINT
Bayview - Elanora Heights,ROCKY POINT
Bayview - Elanora Heights,SALT PAN POINT
Bayview - Elanora Heights,WOODY POINT
Bayview - Elanora Heights,BAYVIEW
Bayview - Elanora Heights,ELANORA HEIGHTS
Bayview - Elanora Heights,INGLESIDE
Bayview - Elanora Heights,MONA VALE
Bayview - Elanora Heights,NARRABEEN
Bayview - Elanora Heights,NORTH NARRABEEN
Bayview - Elanora Heights,WARRIEWOOD
Bayview - Elanora Heights,AKUNA BAY
Bayview - Elanora Heights,ILLAWONG BAY
Bayview - Elanora Heights,TUMBLEDOWN DICK
Bayview - Elanora Heights,TUMBLEDOWN DICK HILL
Bayview - Elanora Heights,TERREY HILLS
Bayview - Elanora Heights,ELEANOR BEACH
Bayview - Elanora Heights,GUNYAH BEACH
Bayview - Elanora Heights,HALLETS BEACH
Bayview - Elanora Heights,ELEANOR BLUFFS
Bayview - Elanora Heights,COWAN POINT
Bayview - Elanora Heights,LITTLE SHARK ROCK POINT
Bayview - Elanora Heights,SHARK ROCK POINT
Bayview - Elanora Heights,KU-RING-GAI CHASE
Bayview - Elanora Heights,MONA VALE MEMORIAL HALL
Bayview - Elanora Heights,BOTHAMS BEACH
Bayview - Elanora Heights,WARRINGAH-PITTWATER SES
Bayview - Elanora Heights,MARINE RESCUE BROKEN BAY
Bayview - Elanora Heights,GRIFFIN PARK
Bayview - Elanora Heights,KARL BROWN RESERVE
Bayview - Elanora Heights,DUNDUNDRA FALLS RESERVE
Bayview - Elanora Heights,PERRYS BEACH
Bayview - Elanora Heights,ELANORA COUNTRY CLUB
Bayview - Elanora Heights,MONASH COUNTRY CLUB
Bayview - Elanora Heights,PITTWATER UNITING CHURCH
Bayview - Elanora Heights,KOOROOWALL RESERVE
Bayview - Elanora Heights,WESLEY TAYLOR
Bayview - Elanora Heights,NARRABEEN GLADES CARE COMMUNITY
Bayview - Elanora Heights,SEABEACH GARDENS
Bayview - Elanora Heights,PITTWATER VILLAGE
Bayview - Elanora Heights,MONA VALE VIEW CARE COMMUNITY
Bayview - Elanora Heights,CATHOLIC HEALTHCARE GEORGE MOCKLER HOSTEL
Bayview - Elanora Heights,INGLESIDE INFORMATION CENTRE BAHAI TEMPLE
Bayview - Elanora Heights,SINCLAIR POINT
Bayview - Elanora Heights,LOWER GLEDHILL FALLS
Bayview - Elanora Heights,DUNDUNDRA FALLS
Bayview - Elanora Heights,PUGNOSE POINT
Bayview - Elanora Heights,ELANORA HEIGHTS PUBLIC SCHOOL
Bayview - Elanora Heights,MONA VALE PUBLIC SCHOOL
Bayview - Elanora Heights,NARRABEEN NORTH PUBLIC SCHOOL
Bayview - Elanora Heights,TERREY HILLS PUBLIC SCHOOL
Bayview - Elanora Heights,SACRED HEART CATHOLIC PRIMARY SCHOOL
Bayview - Elanora Heights,KAMAROI RUDOLF STEINER SCHOOL
Bayview - Elanora Heights,PITTWATER HIGH SCHOOL
Bayview - Elanora Heights,NARRABEEN SPORTS HIGH SCHOOL
Bayview - Elanora Heights,ST LUKE'S GRAMMAR SCHOOL BAYVIEW CAMPUS
Bayview - Elanora Heights,KINMA SCHOOL
Bayview - Elanora Heights,GERMAN INTERNATIONAL SCHOOL SYDNEY
Bayview - Elanora Heights,MARINE RESCUE TERREY HILLS
Bayview - Elanora Heights,AVEO BAYVIEW GARDENS
Bayview - Elanora Heights,WARRIEWOOD BROOK
Bayview - Elanora Heights,AVEO PENINSULA GARDENS
Bayview - Elanora Heights,AVEO MINKARA RESORT
Bayview - Elanora Heights,WESLEY TAYLOR VILLAGE
Bayview - Elanora Heights,MARCUS LOANE HOUSE
Bayview - Elanora Heights,AKUNA BAY PICNIC AREA
Bayview - Elanora Heights,THE BASIN CAMPGROUND
Bayview - Elanora Heights,WINNERREMY BAY FORESEHORE RESERVE
Bayview - Elanora Heights,ROSTREVOR RESERVE
Bayview - Elanora Heights,ELVINA NORTH WHARF
Bayview - Elanora Heights,HALLS WHARF
Bayview - Elanora Heights,MONA VALE HOSPITAL COMMUNITY HEALTH SERVICES
Bayview - Elanora Heights,MONA VALE COMMUNITY HEALTH CENTRE
Bayview - Elanora Heights,DALMACIJA SYDNEY CROATIAN CLUB
Bayview - Elanora Heights,NARRABEEN RSL MEMORIAL AND RECREATION CLUB
Bayview - Elanora Heights,THE ROYAL PRINCE ALFRED YACHT CLUB
Bayview - Elanora Heights,ROYAL MOTOR YACHT CLUB BROKEN BAY NSW
Bayview - Elanora Heights,CHARLES O'NEILL UNITS
Bayview - Elanora Heights,ASPECT VERN BARNETT SCHOOL MONA VALE
Bayview - Elanora Heights,THE PINES TERREY HILLS
Bayview - Elanora Heights,PAT HYNES PARK
Bayview - Elanora Heights,KYWONG RESERVE
Bayview - Elanora Heights,HEYDON RESERVE
Bayview - Elanora Heights,WARRIEWOOD WETLANDS
Bayview - Elanora Heights,WARRIEWOOD VALLEY SPORTSGROUND
Bayview - Elanora Heights,BOONDAH RESERVE FIELD NO6 AND 7
Bayview - Elanora Heights,BOONDAH RESERVE FIELD NO1
Bayview - Elanora Heights,MONA VALE WAR MEMORIAL
Bayview - Elanora Heights,HEALESVILLE ESTATE
Bayview - Elanora Heights,INGLESIDE SCOUT HALL
Bayview - Elanora Heights,MCCARRS CREEK ROAD RESERVE
Bayview - Elanora Heights,KENNEDY PLACE RESERVE
Bayview - Elanora Heights,QUARTER SESSIONS ROAD RESERVE
Bayview - Elanora Heights,ELIZABETH PARK
Bayview - Elanora Heights,LOVETT RESERVE
Bayview - Elanora Heights,GREAT MACKEREL BEACH RESERVE
Bayview - Elanora Heights,MACKEREL BEACH RESERVE
Bayview - Elanora Heights,ELVINA RESERVE
Bayview - Elanora Heights,CABBAGE TREE ROAD RESERVE
Bayview - Elanora Heights,MONA VALE SKATE PARK
Bayview - Elanora Heights,PITTWATER WESLEYAN CHURCH
Bayview - Elanora Heights,CHRISTIAN LIFE CENTRE
Bayview - Elanora Heights,ELANORA HEIGHTS SCOUT HALL
Bayview - Elanora Heights,TERREY HILLS COMMUNITY CENTRE
Bayview - Elanora Heights,BAYVIEW SEA SCOUTS
Bayview - Elanora Heights,CURRAWONG WORKERS' HOLIDAY CAMP
Bayview - Elanora Heights,ELANORA HEIGHTS COMMUNITY CENTRE
Bayview - Elanora Heights,NELSON HEATHER CENTRE
Bayview - Elanora Heights,NORTH NARRABEEN COMMUNITY AND TENNIS CENTRE
Bayview - Elanora Heights,SALT PAN COVE RESERVE
Bayview - Elanora Heights,SCOTLAND ISLAND CFR
Bayview - Elanora Heights,ARCADIA PITTWATER PRIVATE HOSPITAL
Bayview - Elanora Heights,MONA VALE AMBULANCE STATION
Bayview - Elanora Heights,NORTH NARRABEEN RESERVE
Bayview - Elanora Heights,BEEBY PARK
Bayview - Elanora Heights,ROWLAND RESERVE
Bayview - Elanora Heights,ARCARE WARRIEWOOD
Bayview - Elanora Heights,WARRIEWOOD SEWERAGE TREATMENT PLANT
Bayview - Elanora Heights,SALVATION CREEK PICNIC AREA
Bayview - Elanora Heights,MANLY-WARRINGAH RADIO SOCIETY
Bayview - Elanora Heights,GARIGAL NATIONAL PARK
Bayview - Elanora Heights,LYNNE CZINNER PARK
Bayview - Elanora Heights,NARRABEEN GLADES
Bayview - Elanora Heights,WARRINGAH FIRE CONTROL CENTRE
Bayview - Elanora Heights,CARGO WHARF
Bayview - Elanora Heights,THE BASIN BEACH
Bayview - Elanora Heights,MONA VALE HOSPITAL
Bayview - Elanora Heights,THE BASIN WHARF
Bayview - Elanora Heights,CURRAWONG BEACH WHARF
Bayview - Elanora Heights,SCOTLAND ISLAND EASTERN WHARF
Bayview - Elanora Heights,SCOTLAND ISLAND BELLS WHARF
Bayview - Elanora Heights,SCOTLAND ISLAND TENNIS WHARF
Bayview - Elanora Heights,SOUTH ELVINA WHARF
Bayview - Elanora Heights,NEWPORT WHARF
Bayview - Elanora Heights,MONA VALE POLICE STATION
Bayview - Elanora Heights,NORTHERN BEACHES RFS COMMUNICATIONS
Bayview - Elanora Heights,SCOTLAND ISLAND CAROLS WHARF
Bayview - Elanora Heights,BAYVIEW BATHS
Bayview - Elanora Heights,NORTH NARRABEEN ROCK POOL
Bayview - Elanora Heights,NATIONAL SPIRITUAL ASSEMBLY OF THE BAHAIS OF AUSTRALIA
Bayview - Elanora Heights,SEABEACH GARDENS LODGE
Bayview - Elanora Heights,RONDA ALTERATOR RESERVE
Bayview - Elanora Heights,WEST PITTWATER
Bayview - Elanora Heights,WEST PITTWATER (ELVINA) RFB
Bayview - Elanora Heights,MACKEREL BEACH
Bayview - Elanora Heights,COAL AND CANDLE
Bayview - Elanora Heights,NORTHERN BEACHES CADETS RFB
Bayview - Elanora Heights,NORTHERN BEACHES CATERING
Bayview - Elanora Heights,WARRINGAH HEADQUARTERS RFB
Bayview - Elanora Heights,NORTHERN BEACHES
Bayview - Elanora Heights,WARRIEWOOD MULTISTOREY COMMUTER CARPARK
Bayview - Elanora Heights,BUNGAN LANE MULTISTOREY CARPARK
Bayview - Elanora Heights,CHURCH POINT MULTISTOREY CARPARK
Newport - Bilgola,HAMILTON RESERVE
Newport - Bilgola,NEWPORT PARK
Newport - Bilgola,KANIMBLA RESERVE
Newport - Bilgola,CROWN OF NEWPORT RESERVE
Newport - Bilgola,CRESCENT RESERVE
Newport - Bilgola,BUNGAN HEAD RESERVE
Newport - Bilgola,ATTUNGA RESERVE
Newport - Bilgola,PORTER RESERVE
Newport - Bilgola,TRAFALGAR PARK
Newport - Bilgola,NEWPORT SLSC
Newport - Bilgola,NEWPORT BOWLING CLUB
Newport - Bilgola,BERT PAYNE PARK
Newport - Bilgola,MARINE PARK
Newport - Bilgola,BUNGAN BEACH RESERVE
Newport - Bilgola,ERIC GREEN RESERVE
Newport - Bilgola,SPURWAY PARK
Newport - Bilgola,BILGOLA PLATEAU KINDERGARTEN
Newport - Bilgola,NEWPORT BEACH COMUNITY PRE-SCHOOL
Newport - Bilgola,BILGOLA SLSC
Newport - Bilgola,NEWPORT BEACH POST OFFICE
Newport - Bilgola,SOUTH BILGOLA HEADLAND
Newport - Bilgola,CHERRYL RESERVE
Newport - Bilgola,GRETEL PARK
Newport - Bilgola,NEWPORT BEACH
Newport - Bilgola,BILGOLA HEAD
Newport - Bilgola,BUNGAN HEAD
Newport - Bilgola,BUSHRANGERS HILL
Newport - Bilgola,BILGOLA BEACH
Newport - Bilgola,BILGOLA PLATEAU
Newport - Bilgola,NEWPORT
Newport - Bilgola,BETTY MORRISON RESERVE
Newport - Bilgola,BILGOLA PLATEAU PUBLIC SCHOOL
Newport - Bilgola,NEWPORT PUBLIC SCHOOL
Newport - Bilgola,EUROBODALLA HOMES NEWPORT
Newport - Bilgola,BUNGAN BEACH SLSC
Newport - Bilgola,BILGOLA BENDS ERIC GREEN RESERVE
Newport - Bilgola,NORTHERN BEACHES FAMILY DAYCARE
Newport - Bilgola,NEWPORT COMMUNITY CENTRE
Newport - Bilgola,NEWPORT REEF
Newport - Bilgola,BILGOLA ROCK POOL
Newport - Bilgola,NEWPORT ROCK POOL
Mona Vale - Warriewood (North),MONA VALE HEADLAND RESERVE
Mona Vale - Warriewood (North),MONA VALE KINDERGARTEN
Mona Vale - Warriewood (North),MONA VALE HOUSE NURSING HOME
Mona Vale - Warriewood (North),MONA VALE BEACH RESERVE
Mona Vale - Warriewood (North),APEX PARK
Mona Vale - Warriewood (North),MONA VALE SLSC
Mona Vale - Warriewood (North),BASIN BEACH
Mona Vale - Warriewood (North),BEACH RESERVE
Mona Vale - Warriewood (North),MOAN VALE HEADLAND
Mona Vale - Warriewood (North),MONA VALE ROCK POOL
North Narrabeen - Warriewood (South),TURIMETTA HEADLAND
North Narrabeen - Warriewood (South),WIMBLEDON RESERVE
North Narrabeen - Warriewood (South),BERRY RESERVE
North Narrabeen - Warriewood (South),TURIMETTA HEAD
North Narrabeen - Warriewood (South),ST JOSEPH'S CATHOLIC PRIMARY SCHOOL
North Narrabeen - Warriewood (South),ST LUCY'S-ST JOSEPH'S NARRABEEN CAMPUS
North Narrabeen - Warriewood (South),WARRIEWOOD BLOWHOLE
Terrey Hills - Duffys Forest,WARRIMOO OVAL
Terrey Hills - Duffys Forest,HASSALL PARK
Terrey Hills - Duffys Forest,WAKEHURST RUGBY PARK
Terrey Hills - Duffys Forest,NSW GUN CLUB
Terrey Hills - Duffys Forest,BELROSE WASTE MANAGEMENT CENTRE
Terrey Hills - Duffys Forest,KINKA RESERVE
Terrey Hills - Duffys Forest,WAKEHURST RUGBY CLUB
Terrey Hills - Duffys Forest,GLENAEON RETIREMENT VILLAGE
Terrey Hills - Duffys Forest,OPTUS
Terrey Hills - Duffys Forest,BLACKBURN PARK
Terrey Hills - Duffys Forest,FERNBANK
Terrey Hills - Duffys Forest,LEE PLACE RESERVE
Terrey Hills - Duffys Forest,KURING-GAI MOTOR YACHT CLUB
Terrey Hills - Duffys Forest,DARDABONG RESERVE
Terrey Hills - Duffys Forest,KURING-GAI WILDFLOWER GARDEN
Terrey Hills - Duffys Forest,WARRIMOO AVENUE TENNIS COURTS
Terrey Hills - Duffys Forest,ST IVES SHOWGROUND
Terrey Hills - Duffys Forest,MCINTOSH LOOKOUT
Terrey Hills - Duffys Forest,ANEMBO RESERVE
Terrey Hills - Duffys Forest,SLADE LOOKOUT
Terrey Hills - Duffys Forest,WARATAH PARK
Terrey Hills - Duffys Forest,RHOKER RESERVE
Terrey Hills - Duffys Forest,TERREY HILLS GOLF COUNTRY CLUB
Terrey Hills - Duffys Forest,TERREY HILLS COUNTRY CLUB GOLF COURSE
Terrey Hills - Duffys Forest,TERRY HILLS GOLF COUNTRY CLUB TENNIS CENTRE
Terrey Hills - Duffys Forest,WANDANA POOL
Terrey Hills - Duffys Forest,STINGRAY BAY
Terrey Hills - Duffys Forest,MOUNT MURRAY ANDERSON
Terrey Hills - Duffys Forest,DUFFYS FOREST
Terrey Hills - Duffys Forest,ST IVES CHASE
Terrey Hills - Duffys Forest,ST IVES
Terrey Hills - Duffys Forest,NORTH ST IVES
Terrey Hills - Duffys Forest,PEACH TREES
Terrey Hills - Duffys Forest,COTTAGE POINT
Terrey Hills - Duffys Forest,MARINE RESCUE COTTAGE POINT
Terrey Hills - Duffys Forest,DUFFYS WHARF
Terrey Hills - Duffys Forest,MCINTOSH PARK
Terrey Hills - Duffys Forest,YANGINANOOK SCHOOL
Terrey Hills - Duffys Forest,COVENANT CHRISTIAN SCHOOL
Terrey Hills - Duffys Forest,SYDNEY GRAMMAR ST IVES PREPARATORY SCHOOL
Terrey Hills - Duffys Forest,ST IVES NORTH PUBLIC SCHOOL
Terrey Hills - Duffys Forest,AGBU ALEXANDER PRIMARY SCHOOL
Terrey Hills - Duffys Forest,NORTHERN BEACHES CHRISTIAN SCHOOL
Terrey Hills - Duffys Forest,SYDNEY JAPANESE INTERNATIONAL SCHOOL
Terrey Hills - Duffys Forest,PRATT BAY
Terrey Hills - Duffys Forest,GREEN VALLEY RESERVE
Terrey Hills - Duffys Forest,KU-RING-GAI WILDFLOWER GARDEN AND BUSHLAND
Terrey Hills - Duffys Forest,LAMBERTS CLEARING
Terrey Hills - Duffys Forest,NORTH ST IVES SCOUT HALL A
Terrey Hills - Duffys Forest,MARY NEWLINDS RESERVE
Terrey Hills - Duffys Forest,ST IVES PLAZA SHOPPING CENTRE
Terrey Hills - Duffys Forest,TRANSMISSION PARK
Terrey Hills - Duffys Forest,BLACKBURN STREET RESERVE WEST
Terrey Hills - Duffys Forest,CAMBOURNET RESERVE
Terrey Hills - Duffys Forest,GOULD AVENUE RESERVE
Terrey Hills - Duffys Forest,HAYLE STREET RESERVE
Terrey Hills - Duffys Forest,KU-RING-GAI CREEK RESERVE
Terrey Hills - Duffys Forest,LINIGEN RESERVE
Terrey Hills - Duffys Forest,BELROSE
Beacon Hill - Narraweena,NARRAWEENA POST OFFICE
Beacon Hill - Narraweena,BEACON HILL RESERVE
Beacon Hill - Narraweena,NELL GRIFFITH RESERVE
Beacon Hill - Narraweena,CAREDEN RESERVE
Beacon Hill - Narraweena,PRINCESS MARY RESERVE
Beacon Hill - Narraweena,LILLIHINA AVENUE RESERVE
Beacon Hill - Narraweena,WILLANDRA VILLAGE
Beacon Hill - Narraweena,PARR PARK
Beacon Hill - Narraweena,AUSTRALIAN TENNIS ACADEMY
Beacon Hill - Narraweena,BROOKER RESERVE
Beacon Hill - Narraweena,PUKARA PLACE RESERVE
Beacon Hill - Narraweena,WARRI RESERVE
Beacon Hill - Narraweena,GOVERNOR PHILLIP LOOKOUT
Beacon Hill - Narraweena,NARRAWEENA TENNIS CLUB
Beacon Hill - Narraweena,RED HILL
Beacon Hill - Narraweena,BEVERLEY JOB PARK
Beacon Hill - Narraweena,BEACON HILL WAR MEMORIAL HALL
Beacon Hill - Narraweena,ALEXANDER AGED CARE
Beacon Hill - Narraweena,NARRAWEENA GROVE CARE COMMUNITY
Beacon Hill - Narraweena,KARUNA MONTESSORI SCHOOL
Beacon Hill - Narraweena,BEACON HILL PUBLIC SCHOOL
Beacon Hill - Narraweena,NARRAWEENA PUBLIC SCHOOL
Beacon Hill - Narraweena,MANLY WARRINGAH RUGBY LEAGUE CLUB
Beacon Hill - Narraweena,KERRY RESERVE
Beacon Hill - Narraweena,NALYA RESERVE
Beacon Hill - Narraweena,TOWRADGI RESERVE
Beacon Hill - Narraweena,RED HILL RESERVE
Beacon Hill - Narraweena,EOC BROKEN BAY NARRAWEENA
Beacon Hill - Narraweena,NARRAWEENA COMMUNITY CENTRE MAIN HALL
Beacon Hill - Narraweena,NARRAWEENA COMMUNITY CENTRE EAST & WEST HALLS
Cromer,SOUTH CREEK RESERVE
Cromer,DEE WHY VALLEY WETLANDS
Cromer,COLLAROY PLATEAU POST OFFICE
Cromer,WINDERMERE PARK
Cromer,GRASMERE RESERVE
Cromer,MICHELE RESERVE
Cromer,WAMBIRI RESERVE
Cromer,BELMORE RESERVE
Cromer,BLIGHS ROAD RESERVE
Cromer,DEE WHY WEST RECREATION RESERVE
Cromer,DEE WHY GARDENS
Cromer,TRUMAN RESERVE
Cromer,CROMER GOLF COURSE
Cromer,ST MATTHEWS FARM RESERVE
Cromer,INMAN PARK
Cromer,NORTHERN BEACHES SECONDARY COLLEGE CROMER CAMPUS
Cromer,CROMER PARK
Cromer,AMBLESIDE RESERVE
Cromer,NSW ACADEMY OF SPORT
Cromer,DOROTHY STREET RESERVE
Cromer,STODDART RESERVE
Cromer,ILIKAI PLACE RESERVE
Cromer,ANNES RESERVE
Cromer,JAMES MORGAN RESERVE
Cromer,CROMER COMMUNITY CENTRE
Cromer,GROVER AVENUE RESERVE
Cromer,MEEHAN STREET RESERVE
Cromer,TERESA PLACE RESERVE
Cromer,TYAGARAH PLACE RESERVE
Cromer,TORONTO AVENUE RESERVE
Cromer,WASHINGTON AVENUE RESERVE
Cromer,JAMES WHEELER PLACE RESERVE
Cromer,MAYBROOK AVENUE BUSHLAND RESERVE
Cromer,WABASH RESERVE
Cromer,NARRABEEN LAKES SAILING CLUB
Cromer,DEE WHY MEMORIAL PARK
Cromer,CROMER GOLF CLUB
Cromer,CROMER
Cromer,COLLAROY PLATEAU
Cromer,CROMER HEIGHTS
Cromer,WHEELER HEIGHTS
Cromer,WILLANDRA BUNGALOWS
Cromer,PETER COSGROVE HOUSE
Cromer,MAYBROOK RETIREMENT VILLAGE
Cromer,RSL CENOTAPH
Cromer,WHEELER HEIGHTS PUBLIC SCHOOL
Cromer,CROMER PUBLIC SCHOOL
Cromer,ST ROSE CATHOLIC PRIMARY SCHOOL
Cromer,OXFORD FALLS GRAMMAR SCHOOL
Cromer,FISHER ROAD SCHOOL
Cromer,WHEELER HEIGHTS POST OFFICE
Cromer,RSL ANZAC VILLAGE NARRABEEN
Cromer,DEE WHY BOWLING AND RECREATION CLUB
Cromer,RSL ANZAC VILLAGE
Cromer,PLATEAU VIEW NURSING HOME
Belrose,WYATT RESERVE
Belrose,HEWS RESERVE
Belrose,BELROSE AMBULANCE STATION
Belrose,COUNTY ROAD RESERVE
Belrose,OPALA RESERVE
Belrose,FRENCHS FOREST CEMETERY
Belrose,MACFARLANE RESERVE
Belrose,BORGNIS RESERVE
Belrose,PERENTIE PARK
Belrose,WAYNE SCHIMANSKI RESERVE
Belrose,BORONIA RESERVE
Belrose,RALSTON RESERVE
Belrose,UNDULA RESERVE
Belrose,ORANA RESERVE
Belrose,BELROSE BOWLING CLUB
Belrose,KARINA RESERVE
Belrose,WENTWORTH RESERVE
Belrose,BIRRONG RESERVE
Belrose,POSSUMS IN THE GLEN
Belrose,LIONEL WATTS PARK
Belrose,FRENCHS FOREST SHOWGROUND
Belrose,GLEN STREET THEATRE
Belrose,BELROSE LIBRARY
Belrose,BELROSE TENNIS COURTS
Belrose,GLENROSE SHOPPING CENTRE
Belrose,BELROSE WEST POST OFFICE
Belrose,BAMBARA RESERVE COMMUNITY CENTRE
Belrose,BELROSE COMMUNITY HALL
Belrose,BELROSE COUNTRY CLUB
Belrose,WAKEHURST SOCCER CLUB
Belrose,WINDRUSH RESERVE
Belrose,BELROSE VILLAGE SHOPPING CENTRE
Belrose,UNITING WESLEY GARDENS BELROSE
Belrose,DAVIDSON
Belrose,BELROSE PUBLIC SCHOOL
Belrose,WAKEHURST PUBLIC SCHOOL
Belrose,ST MARTIN'S CATHOLIC PRIMARY SCHOOL
Belrose,JOHN COLET SCHOOL
Belrose,NORTHERN SYDNEY TRANSITIONAL CARE UNIT
Belrose,KALGAL RESERVE
Belrose,KAMBORA RESERVE
Belrose,KAPUNDA RESERVE
Belrose,MAPLE RESERVE
Belrose,PUSAN RESERVE
Belrose,WINGARA RESERVE
Belrose,MARCUS GHATT SMITH RESERVE
Belrose,JAPARA CORYMBIA
Belrose,EOC BROKEN BAY
Collaroy - Collaroy Plateau,COLLAROY BEACH POST OFFICE
Collaroy - Collaroy Plateau,LONG REEF GOLF COURSE
Collaroy - Collaroy Plateau,EDGAR GORNALL WILDFLOWER GARDENS
Collaroy - Collaroy Plateau,SUFFOLK AVENUE RESERVE
Collaroy - Collaroy Plateau,COUTTS CRESCENT BUSHLAND RESERVE
Collaroy - Collaroy Plateau,DEE WHY PARK
Collaroy - Collaroy Plateau,SALVATION ARMY CONFERENCE CENTRE
Collaroy - Collaroy Plateau,WARRINGAH PLACE RETIREMENT VILLAGE
Collaroy - Collaroy Plateau,GRIFFITH PARK
Collaroy - Collaroy Plateau,LONG REEF GOLF CLUB
Collaroy - Collaroy Plateau,FOX PARK
Collaroy - Collaroy Plateau,COLLAROY BEACH RESERVE
Collaroy - Collaroy Plateau,PLATEAU PARK
Collaroy - Collaroy Plateau,TWIGHT RESERVE
Collaroy - Collaroy Plateau,HALL RESERVE
Collaroy - Collaroy Plateau,FISHERMANS BEACH RESERVE
Collaroy - Collaroy Plateau,LONG REEF POINT RESERVE
Collaroy - Collaroy Plateau,WESTMORLAND RESERVE
Collaroy - Collaroy Plateau,RAMSEY STREET RESERVE
Collaroy - Collaroy Plateau,FIELDING STREET RESERVE
Collaroy - Collaroy Plateau,SULMAN RESERVE
Collaroy - Collaroy Plateau,EDGECLIFFE RESERVE
Collaroy - Collaroy Plateau,PARKES ROAD RESERVE
Collaroy - Collaroy Plateau,RANDALL RESERVE
Collaroy - Collaroy Plateau,COLLAROY PLATEAU YOUTH COMMUNITY CENTRE
Collaroy - Collaroy Plateau,COLLAROY SLSC
Collaroy - Collaroy Plateau,LONG REEF SLSC
Collaroy - Collaroy Plateau,MCLEAN LOOKOUT
Collaroy - Collaroy Plateau,COLLAROY BEACH
Collaroy - Collaroy Plateau,FISHERMANS BEACH
Collaroy - Collaroy Plateau,LONG REEF POINT
Collaroy - Collaroy Plateau,COLLAROY
Collaroy - Collaroy Plateau,LONG REEF
Collaroy - Collaroy Plateau,VIC HUXLEY OVAL
Collaroy - Collaroy Plateau,COLLAROY PLATEAU PUBLIC SCHOOL
Collaroy - Collaroy Plateau,PITTWATER HOUSE SCHOOLS
Collaroy - Collaroy Plateau,THE BEACH CLUB COLLAROY
Collaroy - Collaroy Plateau,PACIFIC LODGE AGED CARE PLUS CENTRE
Collaroy - Collaroy Plateau,BRUCE BARTLETT RESERVE
Collaroy - Collaroy Plateau,FIELDING RESERVE
Collaroy - Collaroy Plateau,TULICH RESERVE
Collaroy - Collaroy Plateau,LONG REEF GOLF LINKS
Collaroy - Collaroy Plateau,ELIZABETH JENKINS PLACE AGED CARE PLUS CENTRE
Collaroy - Collaroy Plateau,COLLAROY POINT
Collaroy - Collaroy Plateau,COLLAROY ROCK POOL
Dee Why (South) - North Curl Curl,WINGALA RESERVE
Dee Why (South) - North Curl Curl,NORTH CURL CURL POST OFFICE
Dee Why (South) - North Curl Curl,WELDON PARK
Dee Why (South) - North Curl Curl,STONY RANGE BOTANIC GARDEN
Dee Why (South) - North Curl Curl,DEE WHY CLIFFS RESERVE
Dee Why (South) - North Curl Curl,ABBOTT ROAD GROUND
Dee Why (South) - North Curl Curl,FLORA AND RICHIE ROBERTS RESERVE
Dee Why (South) - North Curl Curl,ADAM STREET GROUND
Dee Why (South) - North Curl Curl,RUEB HUDSON OVAL
Dee Why (South) - North Curl Curl,JOHN FISHER PARK
Dee Why (South) - North Curl Curl,RULINGIA LOOKOUT
Dee Why (South) - North Curl Curl,VILLAGE PLAZA
Dee Why (South) - North Curl Curl,DEE WHY POST OFFICE
Dee Why (South) - North Curl Curl,NORTH CURL CURL SLSC
Dee Why (South) - North Curl Curl,DELMAR PRIVATE HOSPITAL
Dee Why (South) - North Curl Curl,DEE WHY RSL BOWLING CLUB
Dee Why (South) - North Curl Curl,HARBORD BOWLING AND RECREATION CLUB
Dee Why (South) - North Curl Curl,CURL CURL LAGOON
Dee Why (South) - North Curl Curl,MANLY WARRINGAH MASTER BUILDERS CLUB
Dee Why (South) - North Curl Curl,DEE WHY HEAD
Dee Why (South) - North Curl Curl,DEE WHY
Dee Why (South) - North Curl Curl,NORTH CURL CURL
Dee Why (South) - North Curl Curl,DEE WHY BEACH
Dee Why (South) - North Curl Curl,ALAN NEWTON RESERVE
Dee Why (South) - North Curl Curl,TED JACKSON RESERVE
Dee Why (South) - North Curl Curl,FRANK GRAY OVAL
Dee Why (South) - North Curl Curl,DENZIL JOYCE OVAL
Dee Why (South) - North Curl Curl,GHANIA LOOKOUT
Dee Why (South) - North Curl Curl,TEA TREE LOOKOUT
Dee Why (South) - North Curl Curl,ST KEVIN'S CATHOLIC PRIMARY SCHOOL
Dee Why (South) - North Curl Curl,CURL CURL NORTH PUBLIC SCHOOL
Dee Why (South) - North Curl Curl,ST LUKE'S GRAMMAR SCHOOL
Dee Why (South) - North Curl Curl,MACDONALD HOMES DEE WHY
Dee Why (South) - North Curl Curl,THE WHIDDON GROUP DEE WHY
Dee Why (South) - North Curl Curl,MAKIM RESERVE
Dee Why (South) - North Curl Curl,THE CRESCENT RESERVE
Dee Why (South) - North Curl Curl,MOORAMBA PARK
Dee Why (South) - North Curl Curl,SURF RESERVE
Dee Why (South) - North Curl Curl,CURL CURL YOUTH AND COMMUNITY CENTRE
Dee Why (South) - North Curl Curl,DEE WHY POINT
Dee Why (South) - North Curl Curl,RAY COX VIEWING DECK
Dee Why (South) - North Curl Curl,WELDON OVAL
Dee Why (South) - North Curl Curl,LOUDON MARSTON GRANDSTAND
Dee Why (South) - North Curl Curl,NORTHERN BEACHES SECONDARY COLLEGE MANLY CAMPUS
Dee Why (South) - North Curl Curl,DEE WHY ROCK POOL
Dee Why (South) - North Curl Curl,NORTH CURL CURL ROCK POOL
Dee Why (South) - North Curl Curl,CURL CURL CREATIVE SPACE
Dee Why (South) - North Curl Curl,STONY RANGE PAVILION
Dee Why (South) - North Curl Curl,NORTH CURL CURL COMMUNITY CENTRE
Dee Why - North,MEEHAN RESERVE
Dee Why - North,DEE WHY LAGOON RESERVE
Dee Why - North,WALTER GORS PARK
Dee Why - North,LONG REEF BEACH RESERVE
Dee Why - North,HOLBORN AVENUE RESERVE
Dee Why - North,DEE WHY SLSC
Dee Why - North,DEE WHY RSL CLUB
Dee Why - North,DEE WHY FIRE STATION
Dee Why - North,DEE WHY PLAZA
Dee Why - North,WARRINGAH COUNCIL
Dee Why - North,DEE WHY LIBRARY
Dee Why - North,DEE WHY PUBLIC SCHOOL
Dee Why - North,OCEANGROVE
Dee Why - North,DEE WHY COMMUNITY HEALTH SERVICES
Dee Why - North,DEE WHY SENIOR CITIZENS CENTRE
Dee Why - North,DEE WHY POLICE STATION
Dee Why - North,30 HOWARD AVENUE DEE WHY EASY TRANSPORT
Dee Why - North,32 HOWARD AVENUE DEE WHY CUBBY HOUSE TOY LIBRARY
Dee Why - North,32A HOWARD AVENUE DEE WHY EARLY CHILDHOOD HEALTH CENTRE
Dee Why - North,34 HOWARD AVENUE DEE WHY DEE WHY SENIOR CITIZENS CENTRE
Dee Why - North,34A HOWARD AVENUE DEE WHY DEE WHY COMMUNITY CENTRE
Frenchs Forest - Oxford Falls,REDFIELD RESERVE
Frenchs Forest - Oxford Falls,EAST LINDFIELD PARK
Frenchs Forest - Oxford Falls,FORESTVILLE WAR MEMORIAL PLAYING FIELDS
Frenchs Forest - Oxford Falls,GWARRA RESERVE
Frenchs Forest - Oxford Falls,FRENCHS FOREST POST OFFICE
Frenchs Forest - Oxford Falls,FRENCHS FOREST EAST POST OFFICE
Frenchs Forest - Oxford Falls,EPPING RESERVE
Frenchs Forest - Oxford Falls,ARANDA RESERVE
Frenchs Forest - Oxford Falls,JIMADA RESERVE
Frenchs Forest - Oxford Falls,COSTER RESERVE
Frenchs Forest - Oxford Falls,SPRINGVALE RESERVE
Frenchs Forest - Oxford Falls,PATONGA PARK
Frenchs Forest - Oxford Falls,RABBETT RESERVE
Frenchs Forest - Oxford Falls,WAREHAM RESERVE
Frenchs Forest - Oxford Falls,ROSELANDS RESERVE
Frenchs Forest - Oxford Falls,NIANBILLA RESERVE
Frenchs Forest - Oxford Falls,WARUNG RESERVE
Frenchs Forest - Oxford Falls,MAITLAND RESERVE
Frenchs Forest - Oxford Falls,LORRAINE TAYLOR RESERVE
Frenchs Forest - Oxford Falls,BRENTWOOD RESERVE
Frenchs Forest - Oxford Falls,ST PIUS X PLAYING FIELDS
Frenchs Forest - Oxford Falls,RICHARD HEALY RESERVE
Frenchs Forest - Oxford Falls,RICHTER RESERVE
Frenchs Forest - Oxford Falls,YINDELA RESERVE
Frenchs Forest - Oxford Falls,ALLAN SMALL OVAL
Frenchs Forest - Oxford Falls,EPACRIS RESERVE
Frenchs Forest - Oxford Falls,LINDSAY RESERVE
Frenchs Forest - Oxford Falls,BROWN STREET RESERVE
Frenchs Forest - Oxford Falls,FOREST WAY SHOPPING CENTRE
Frenchs Forest - Oxford Falls,FRENCHS FOREST POLICE STATION
Frenchs Forest - Oxford Falls,AKORA RESERVE
Frenchs Forest - Oxford Falls,FORESTVILLE PARK
Frenchs Forest - Oxford Falls,ARARAT RESERVE
Frenchs Forest - Oxford Falls,HOUSE WITH NO STEPS
Frenchs Forest - Oxford Falls,FORESTVILLE FIRE STATION
Frenchs Forest - Oxford Falls,FORESTVILLE POST OFFICE
Frenchs Forest - Oxford Falls,ST DAVIDS VILLAGE
Frenchs Forest - Oxford Falls,CASUARINA RESERVE
Frenchs Forest - Oxford Falls,FORESTVILLE RSL CLUB
Frenchs Forest - Oxford Falls,NUNGARA RESERVE
Frenchs Forest - Oxford Falls,LINDFIELD BOWLING CLUB
Frenchs Forest - Oxford Falls,ALLAN SMALL PARK TENNIS COURTS
Frenchs Forest - Oxford Falls,FORESTVILLE MEMORIAL HALL
Frenchs Forest - Oxford Falls,OLD SHE OAK RESERVE
Frenchs Forest - Oxford Falls,HERMITS RETREAT
Frenchs Forest - Oxford Falls,COOK RESERVE
Frenchs Forest - Oxford Falls,RYRIE RESERVE
Frenchs Forest - Oxford Falls,WELLMAN RESERVE
Frenchs Forest - Oxford Falls,OXFORD FALLS
Frenchs Forest - Oxford Falls,BUNGAROO
Frenchs Forest - Oxford Falls,LOCKLEY POINT
Frenchs Forest - Oxford Falls,FORESTVILLE
Frenchs Forest - Oxford Falls,FORESTVILLE BEND
Frenchs Forest - Oxford Falls,FRENCHS FOREST KINDERGARTEN
Frenchs Forest - Oxford Falls,FRENCHS FOREST
Frenchs Forest - Oxford Falls,SORLIE
Frenchs Forest - Oxford Falls,CLAIRE DEANE BUSH SANCTUARY
Frenchs Forest - Oxford Falls,PATANGA PARK
Frenchs Forest - Oxford Falls,AVEO LINDFIELD GARDENS
Frenchs Forest - Oxford Falls,FORESTVILLE MONTESSORI SCHOOL
Frenchs Forest - Oxford Falls,MIMOSA PUBLIC SCHOOL
Frenchs Forest - Oxford Falls,FRENCHS FOREST PUBLIC SCHOOL
Frenchs Forest - Oxford Falls,OUR LADY OF GOOD COUNSEL CATHOLIC PRIMARY SCHOOL
Frenchs Forest - Oxford Falls,FORESTVILLE PUBLIC SCHOOL
Frenchs Forest - Oxford Falls,DAVIDSON HIGH SCHOOL
Frenchs Forest - Oxford Falls,THE FOREST HIGH SCHOOL
Frenchs Forest - Oxford Falls,ASPECT VERN BARNETT SCHOOL
Frenchs Forest - Oxford Falls,CONSULATE-GENERAL OF LUXEMBOURG
Frenchs Forest - Oxford Falls,FRENCHS FOREST EARLY CHILDHOOD CENTRE
Frenchs Forest - Oxford Falls,AUSTRIAN CLUB SYDNEY
Frenchs Forest - Oxford Falls,ST DAVID'S VILLAGE
Frenchs Forest - Oxford Falls,ALLWORTH RESERVE
Frenchs Forest - Oxford Falls,BRICK PIT RESERVE
Frenchs Forest - Oxford Falls,MELWOOD OVAL
Frenchs Forest - Oxford Falls,GILBERT RESERVE
Frenchs Forest - Oxford Falls,GREENDALE RESERVE
Frenchs Forest - Oxford Falls,ILFORD RESERVE
Frenchs Forest - Oxford Falls,JINDABYNE RESERVE
Frenchs Forest - Oxford Falls,MERRILEE RESERVE
Frenchs Forest - Oxford Falls,PEPPERCORN PARK
Frenchs Forest - Oxford Falls,YANCO RESERVE
Frenchs Forest - Oxford Falls,ASPECT VERN BARNETT SCHOOL FORESTVILLE
Frenchs Forest - Oxford Falls,HODDLE RESERVE
Frenchs Forest - Oxford Falls,NANDI RESERVE
Frenchs Forest - Oxford Falls,KIMS PARK
Frenchs Forest - Oxford Falls,1ST MIDDLE HARBOUR SCOUT HALL
Frenchs Forest - Oxford Falls,EAST LINDFIELD GUIDE HALL
Frenchs Forest - Oxford Falls,FRENCHS FOREST POST BUSINESS CENTRE
Frenchs Forest - Oxford Falls,ALLAN SMALL PARK
Frenchs Forest - Oxford Falls,NORTHERN BEACHES HOSPITAL
Frenchs Forest - Oxford Falls,TALLAWANG RD RESERVE
Frenchs Forest - Oxford Falls,NORTHERN BEACHES HOSPITAL PRIVATE
Frenchs Forest - Oxford Falls,NPWS FORESTVILLE
Frenchs Forest - Oxford Falls,YANGINANOOK HIGH SCHOOL CAMPUS
Frenchs Forest - Oxford Falls,PURPLE POPPY DOG PARK
Frenchs Forest - Oxford Falls,REDFIELD BUSH
Frenchs Forest - Oxford Falls,KIMBERLY'S WAY
Frenchs Forest - Oxford Falls,SAVOYS END
Frenchs Forest - Oxford Falls,FOREST COMMUNITY ART CENTRE AND LIBRARY
Frenchs Forest - Oxford Falls,FOREST YOYO'S YOUTH & EARLY CHILDHOOD HEALTH CENTRE
Frenchs Forest - Oxford Falls,FORESTVILLE SENIORS' CENTRE
Frenchs Forest - Oxford Falls,FORESTVILLE COMMUNITY HALL (FORMERLY FORESTVILLE COMMUNITY CENTRE FORMERLY FORESTVILLE YOUTH CENTRE)
Narrabeen - Wheeler Heights,PIPECLAY POINT PARK
Narrabeen - Wheeler Heights,WHEELER PARK
Narrabeen - Wheeler Heights,SOUTH NARRABEEN SLSC
Narrabeen - Wheeler Heights,NARRABEEN BEACH SLSC
Narrabeen - Wheeler Heights,DEVITT STREET BEACH RESERVE
Narrabeen - Wheeler Heights,FURLOUGH PARK NARRABEEN BEACH
Narrabeen - Wheeler Heights,NARRABEEN FIRE STATION
Narrabeen - Wheeler Heights,DEVITT STREET RESERVE
Narrabeen - Wheeler Heights,NARRABEEN BEACH RESERVE
Narrabeen - Wheeler Heights,NARRABEEN AMBULANCE STATION
Narrabeen - Wheeler Heights,PIPECLAY POINT
Narrabeen - Wheeler Heights,FURLOUGH HOUSE
Narrabeen - Wheeler Heights,NARRABEEN LAKES PUBLIC SCHOOL
Narrabeen - Wheeler Heights,NARRABEEN COMMUNITY HEALTH CENTRE
Narrabeen - Wheeler Heights,TRAMSHED ARTS AND COMMUNITY CENTRE
Narrabeen - Wheeler Heights,SURFRIDER GARDENS
Forestville - Killarney Heights,CASTLE COVE PARK
Forestville - Killarney Heights,KILLARNEY HEIGHTS OVAL
Forestville - Killarney Heights,TREDINNICK VILLAGE
Forestville - Killarney Heights,KEEGAN RESERVE
Forestville - Killarney Heights,WATERFORD RESERVE
Forestville - Killarney Heights,STARKEY RESERVE
Forestville - Killarney Heights,EAST ROSEVILLE BOWLING CLUB
Forestville - Killarney Heights,KINKELL BRAE
Forestville - Killarney Heights,ROSEVILLE CHASE OVAL
Forestville - Killarney Heights,1ST EAST ROSEVILLE SCOUT HALL
Forestville - Killarney Heights,ROSEVILLE GOLF COURSE
Forestville - Killarney Heights,ROSEVILLE GOLF CLUB
Forestville - Killarney Heights,CARLYLE ROAD RESERVE
Forestville - Killarney Heights,ROSEVILLE CHASE
Forestville - Killarney Heights,WRIGHT RESERVE
Forestville - Killarney Heights,BARCOO RESERVE
Forestville - Killarney Heights,ECHO POINT PARK
Forestville - Killarney Heights,KILLARNEY POINT
Forestville - Killarney Heights,ECHO POINT
Forestville - Killarney Heights,PARR POINT
Forestville - Killarney Heights,KILLARNEY HEIGHTS
Forestville - Killarney Heights,GOOSEBERRY FLAT
Forestville - Killarney Heights,EAST ROSEVILLE COMMUNITY CENTRE
Forestville - Killarney Heights,BANTRY BAY
Forestville - Killarney Heights,KILLARNEY HEIGHTS PUBLIC SCHOOL
Forestville - Killarney Heights,KILLARNEY HEIGHTS HIGH SCHOOL
Forestville - Killarney Heights,CASTLE COVE PUBLIC SCHOOL
Forestville - Killarney Heights,ELLIS PARK
Forestville - Killarney Heights,WATERMARK CASTLE COVE
Forestville - Killarney Heights,FORESTVILLE RETIREMENT VILLAGE
Forestville - Killarney Heights,ALEXANDER CAMPBELL HOUSE
Forestville - Killarney Heights,CASTLE COVE LIBRARY
Forestville - Killarney Heights,ADARE RESERVE
Forestville - Killarney Heights,BALLINA RESERVE
Forestville - Killarney Heights,CALCA RESERVE
Forestville - Killarney Heights,DONEGAL RESERVE
Forestville - Killarney Heights,SHANNON RESERVE
Forestville - Killarney Heights,CASHEL CRESCENT RESERVE
Forestville - Killarney Heights,BABBAGE ISLAND
Forestville - Killarney Heights,MALGA AVENUE
Forestville - Killarney Heights,ALLARD CORNER
Forestville - Killarney Heights,HEADLAND LOOKOUT
Forestville - Killarney Heights,SCOTT CRESCENT RESERVE
Forestville - Killarney Heights,DAVIDSON PARK PICNIC AREA AND BOAT RAMP
Forestville - Killarney Heights,ECHO POINT PARK PLAYGROUND
Forestville - Killarney Heights,REMAINS OF OLD ROSEVILLE BRIDGE
Forestville - Killarney Heights,REMAINS OF ROSEVILLE BATHS
Forestville - Killarney Heights,SITE OF ECHO POINT FARM INCLUDING SLIPWAY
Forestville - Killarney Heights,BANTRY BAY PUBLIC POWDER MAGAZINE
Forestville - Killarney Heights,FORMER KILLARNEY PICNIC GROUND (INCLUDING WHARF)
Forestville - Killarney Heights,FLAT ROCK LANDING PLACE
Forestville - Killarney Heights,CALGA STREET RESERVE
Forestville - Killarney Heights,CARDIGAN RESERVE
Forestville - Killarney Heights,DUNTROON CORNER
Forestville - Killarney Heights,MOORES CREEK RESERVE
Forestville - Killarney Heights,PARK AVENUE PLAYGROUND
Forestville - Killarney Heights,KILLARNEY SWIM CENTRE
